<?xml version="1.0" encoding="UTF-8"?>

<mule xmlns:http="http://www.mulesoft.org/schema/mule/http" xmlns="http://www.mulesoft.org/schema/mule/core" xmlns:doc="http://www.mulesoft.org/schema/mule/documentation"
	xmlns:spring="http://www.springframework.org/schema/beans" 
	xmlns:xsi="http://www.w3.org/2001/XMLSchema-instance"
	xsi:schemaLocation="http://www.springframework.org/schema/beans http://www.springframework.org/schema/beans/spring-beans-current.xsd
http://www.mulesoft.org/schema/mule/core http://www.mulesoft.org/schema/mule/core/current/mule.xsd
http://www.mulesoft.org/schema/mule/http http://www.mulesoft.org/schema/mule/http/current/mule-http.xsd">
    <http:listener-config name="HTTP_Listener_Configuration" host="0.0.0.0" port="8081" doc:name="HTTP Listener Configuration"/>
    <http:request-config name="HTTP_Request_Configuration" host="34.196.26.168" port="8080" doc:name="HTTP Request Configuration" basePath="flights"/>
    <flow name="mulecredentialvaultdemoFlow">
        <http:listener config-ref="HTTP_Listener_Configuration" path="/flight" doc:name="HTTP"/>
        <http:request config-ref="HTTP_Request_Configuration" path="/" method="GET" doc:name="HTTP">
            <http:request-builder>
                <http:query-params expression="flights?client_id=d1374b15c6864c3682ddbed2a247a826&amp;client_secret=4a87fe7e2e43488c927372AEF981F066"/>
            </http:request-builder>
        </http:request>
    </flow>
</mule>
